{
    "borrels_1.txt": {
        "solverr": {
            "besttim": 0.0,
            "bestmem": 1.4,
            "avgtim": 0.0,
            "avgmem": 1.4,
            "tim": [
                0.0,
                0.0,
                0.0,
                0.0,
                0.0,
                0.0,
                0.0,
                0.0,
                0.0,
                0.0
            ],
            "mem": [
                1.4,
                1.4,
                1.4,
                1.4,
                1.4,
                1.4,
                1.4,
                1.4,
                1.4,
                1.4
            ]
        },
        "psutilr": {
            "besttim": 0.0,
            "bestmem": 6.433649,
            "avgtim": 0.0,
            "avgmem": 6.488337,
            "tim": [
                0.0,
                0.0,
                0.0,
                0.0,
                0.0,
                0.0,
                0.0,
                0.0,
                0.0,
                0.0
            ],
            "mem": [
                6.433649,
                6.445368,
                6.554744,
                6.550837,
                6.460993,
                6.539119,
                6.437555,
                6.543025,
                6.449274,
                6.468806
            ]
        },
        "pytimer": {
            "besttim": 0.017312,
            "avgtim": 0.022513,
            "tim": [
                0.035885,
                0.01787,
                0.020398,
                0.018432,
                0.03572,
                0.019518,
                0.019284,
                0.017312,
                0.018664,
                0.022043
            ]
        }
    },
    "borrels_10.txt": {
        "solverr": {
            "besttim": 0.2,
            "bestmem": 4.8,
            "avgtim": 0.2,
            "avgmem": 4.8,
            "tim": [
                0.2,
                0.2,
                0.2,
                0.2,
                0.2,
                0.2,
                0.2,
                0.2,
                0.2,
                0.2
            ],
            "mem": [
                4.8,
                4.8,
                4.8,
                4.8,
                4.8,
                4.8,
                4.8,
                4.8,
                4.8,
                4.8
            ]
        },
        "psutilr": {
            "besttim": 0.046875,
            "bestmem": 9.945398,
            "avgtim": 0.089063,
            "avgmem": 9.968445,
            "tim": [
                0.046875,
                0.09375,
                0.09375,
                0.09375,
                0.078125,
                0.15625,
                0.09375,
                0.0625,
                0.078125,
                0.09375
            ],
            "mem": [
                10.000086,
                9.945398,
                9.957117,
                9.949304,
                9.964929,
                10.050868,
                9.949304,
                9.972742,
                9.949304,
                9.945398
            ]
        },
        "pytimer": {
            "besttim": 0.204581,
            "avgtim": 0.209893,
            "tim": [
                0.206254,
                0.206655,
                0.209262,
                0.207619,
                0.207081,
                0.204581,
                0.224354,
                0.211818,
                0.213748,
                0.207555
            ]
        }
    },
    "borrels_11.txt": {
        "solverr": {
            "besttim": 0.1,
            "bestmem": 5.0,
            "avgtim": 0.1,
            "avgmem": 5.0,
            "tim": [
                0.1,
                0.1,
                0.1,
                0.1,
                0.1,
                0.1,
                0.1,
                0.1,
                0.1,
                0.1
            ],
            "mem": [
                5.0,
                5.0,
                5.0,
                5.0,
                5.0,
                5.0,
                5.0,
                5.0,
                5.0,
                5.0
            ]
        },
        "psutilr": {
            "besttim": 0.03125,
            "bestmem": 9.89071,
            "avgtim": 0.053125,
            "avgmem": 9.936804,
            "tim": [
                0.078125,
                0.046875,
                0.046875,
                0.0625,
                0.046875,
                0.03125,
                0.0625,
                0.03125,
                0.046875,
                0.078125
            ],
            "mem": [
                9.968836,
                9.906335,
                9.89071,
                9.910241,
                9.945398,
                9.976648,
                9.89071,
                10.003992,
                9.964929,
                9.910241
            ]
        },
        "pytimer": {
            "besttim": 0.127962,
            "avgtim": 0.130856,
            "tim": [
                0.128989,
                0.130085,
                0.131428,
                0.131522,
                0.131382,
                0.133323,
                0.130484,
                0.127962,
                0.13289,
                0.130499
            ]
        }
    },
    "borrels_2.txt": {
        "solverr": {
            "besttim": 0.0,
            "bestmem": 1.9,
            "avgtim": 0.0,
            "avgmem": 1.9,
            "tim": [
                0.0,
                0.0,
                0.0,
                0.0,
                0.0,
                0.0,
                0.0,
                0.0,
                0.0,
                0.0
            ],
            "mem": [
                1.9,
                1.9,
                1.9,
                1.9,
                1.9,
                1.9,
                1.9,
                1.9,
                1.9,
                1.9
            ]
        },
        "psutilr": {
            "besttim": 0.0,
            "bestmem": 7.222718,
            "avgtim": 0.0,
            "avgmem": 7.266859,
            "tim": [
                0.0,
                0.0,
                0.0,
                0.0,
                0.0,
                0.0,
                0.0,
                0.0,
                0.0,
                0.0
            ],
            "mem": [
                7.222718,
                7.281312,
                7.277406,
                7.289125,
                7.24225,
                7.293031,
                7.285219,
                7.257875,
                7.253969,
                7.265687
            ]
        },
        "pytimer": {
            "besttim": 0.028827,
            "avgtim": 0.031149,
            "tim": [
                0.031304,
                0.031138,
                0.032916,
                0.029649,
                0.031273,
                0.028827,
                0.032219,
                0.033083,
                0.030487,
                0.030596
            ]
        }
    },
    "borrels_3.txt": {
        "solverr": {
            "besttim": 0.0,
            "bestmem": 2.3,
            "avgtim": 0.0,
            "avgmem": 2.3,
            "tim": [
                0.0,
                0.0,
                0.0,
                0.0,
                0.0,
                0.0,
                0.0,
                0.0,
                0.0,
                0.0
            ],
            "mem": [
                2.3,
                2.3,
                2.3,
                2.3,
                2.3,
                2.3,
                2.3,
                2.3,
                2.3,
                2.3
            ]
        },
        "psutilr": {
            "besttim": 0.0,
            "bestmem": 7.718816,
            "avgtim": 0.0,
            "avgmem": 7.730145,