{
    "borrels_1.txt": {
        "solverr": {
            "besttim": 0.0,
            "bestmem": 1.4,
            "avgtim": 0.0,
            "avgmem": 1.4,
            "tim": [
                0.0,
                0.0,
                0.0,
                0.0,
                0.0,
                0.0,
                0.0,
                0.0,
                0.0,
                0.0
            ],
            "mem": [
                1.4,
                1.4,
                1.4,
                1.4,
                1.4,
                1.4,
                1.4,
                1.4,
                1.4,
                1.4
            ]
        },
        "psutilr": {
            "besttim": 0.0,
            "bestmem": 6.418024,
            "avgtim": 0.0,
            "avgmem": 6.493415,
            "tim": [
                0.0,
                0.0,
                0.0,
                0.0,
                0.0,
                0.0,
                0.0,
                0.0,
                0.0,
                0.0
            ],
            "mem": [
                6.437555,
                6.554744,
                6.45318,
                6.543025,
                6.539119,
                6.546931,
                6.45318,
                6.437555,
                6.418024,
                6.550837
            ]
        },
        "pytimer": {
            "besttim": 0.017662,
            "avgtim": 0.019504,
            "tim": [
                0.025171,
                0.019172,
                0.020067,
                0.017738,
                0.018739,
                0.019912,
                0.018265,
                0.017662,
                0.019179,
                0.019131
            ]
        }
    },
    "borrels_2.txt": {
        "solverr": {
            "besttim": 0.0,
            "bestmem": 2.0,
            "avgtim": 0.0,
            "avgmem": 2.0,
            "tim": [
                0.0,
                0.0,
                0.0,
                0.0,
                0.0,
                0.0,
                0.0,
                0.0,
                0.0,
                0.0
            ],
            "mem": [
                2.0,
                2.0,
                2.0,
                2.0,
                2.0,
                2.0,
                2.0,
                2.0,
                2.0,
                2.0
            ]
        },
        "psutilr": {
            "besttim": 0.0,
            "bestmem": 7.2735,
            "avgtim": 0.0,
            "avgmem": 7.290297,
            "tim": [
                0.0,
                0.0,
                0.0,
                0.0,
                0.0,
                0.0,
                0.0,
                0.0,
                0.0,
                0.0
            ],
            "mem": [
                7.300844,
                7.293031,
                7.296938,
                7.2735,
                7.281312,
                7.281312,
                7.30475,
                7.281312,
                7.293031,
                7.296938
            ]
        },
        "pytimer": {
            "besttim": 0.025307,
            "avgtim": 0.028195,
            "tim": [
                0.028723,
                0.028211,
                0.02999,
                0.030202,
                0.030566,
                0.029881,
                0.0268,
                0.025307,
                0.026237,
                0.026032
            ]
        }
    },
    "borrels_3.txt": {
        "solverr": {
            "besttim": 0.0,
            "bestmem": 2.5,
            "avgtim": 0.0,
            "avgmem": 2.5,
            "tim": [
                0.0,
                0.0,
                0.0,
                0.0,
                0.0,
                0.0,
                0.0,
                0.0,
                0.0,
                0.0
            ],
            "mem": [
                2.5,
                2.5,
                2.5,
                2.5,
                2.5,
                2.5,
                2.5,
                2.5,
                2.5,
                2.5
            ]
        },
        "psutilr": {
            "besttim": 0.0,
            "bestmem": 7.953193,
            "avgtim": 0.0,
            "avgmem": 7.960225,
            "tim": [
                0.0,
                0.0,
                0.0,
                0.0,
                0.0,
                0.0,
                0.0,
                0.0,
                0.0,
                0.0
            ],
            "mem": [
                7.961006,
                7.968818,
                7.961006,
                7.9571,
                7.961006,
                7.953193,
                7.961006,
                7.9571,
                7.964912,
                7.9571
            ]
        },
        "pytimer": {
            "besttim": 0.040532,
            "avgtim": 0.044731,
            "tim": [
                0.054502,
                0.045741,
                0.052036,
                0.044328,
                0.043084,
                0.041866,
                0.042154,
                0.042098,
                0.04097,
                0.040532
            ]
        }
    },
    "borrels_4.txt": {
        "solverr": {
            "besttim": 0.3,
            "bestmem": 3.2,
            "avgtim": 0.3,
            "avgmem": 3.2,
            "tim": [
                0.3,
                0.3,
                0.3,
                0.3,
                0.3,
                0.3,
                0.3,
                0.3,
                0.3,
                0.3
            ],
            "mem": [
                3.2,
                3.2,
                3.2,
                3.2,
                3.2,
                3.2,
                3.2,
                3.2,
                3.2,
                3.2
            ]
        },
        "psutilr": {
            "besttim": 0.09375,
            "bestmem": 8.711012,
            "avgtim": 0.179688,
            "avgmem": 8.843045,
            "tim": [
                0.1875,
                0.15625,
                0.09375,
                0.171875,
                0.1875,
                0.1875,
                0.265625,
                0.203125,
                0.1875,
                0.15625
            ],
            "mem": [
                8.914139,
                8.921952,
                8.742263,
                8.73445,
                8.711012,
                8.957108,
                8.742263,
                9.086015,
                8.742263,
                8.878982
            ]
        },
        "pytimer": {
            "besttim": 0.314986,
            "avgtim": 0.31716,
            "tim": [
                0.31836,
                0.314986,
                0.315337,
                0.316439,
                0.317277,
                0.318199,
                0.320843,
                0.315139,
                0.318085,
                0.316933
            ]
        }
    },
    "borrels_5.txt": {
        "solverr": {
            "besttim": 125.2,
            "bestmem": 11.9,
            "avgtim": 130.9,
            "avgmem": 11.9,
            "tim": [
                147.8,
                135.0,
                125.2,
                125.2,
                133.4,
                135.5,
                126.4,
                127.1,
                127.4,
                125.9
            ],
            "mem": [
                11.9,
                11.9,
                11.9,
                11.9,
                11.9,
                11.9,
                11.9,
                11.9,
                11.9,
                11.9
            ]
        },
        "psutilr": {
            "besttim": 42.84375,
            "bestmem": 20.093922,
            "avgtim": 66.034375,
            "avgmem": 20.233377,