{
    "1.txt": {
        "solverr": {
            "besttim": 0.2,
            "bestmem": 103.4,
            "avgtim": 0.2,
            "avgmem": 103.4,
            "tim": [
                0.2,
                0.2,
                0.2,
                0.2,
                0.2,
                0.2,
                0.2,
                0.2,
                0.2,
                0.2
            ],
            "mem": [
                103.4,
                103.4,
                103.4,
                103.4,
                103.4,
                103.4,
                103.4,
                103.4,
                103.4,
                103.4
            ]
        },
        "psutilr": {
            "besttim": 0.09375,
            "bestmem": 110.454073,
            "avgtim": 0.198437,
            "avgmem": 110.951734,
            "tim": [
                0.328125,
                0.25,
                0.140625,
                0.140625,
                0.171875,
                0.328125,
                0.1875,
                0.1875,
                0.09375,
                0.15625
            ],
            "mem": [
                110.454073,
                111.239236,
                111.614239,
                110.454073,
                110.52048,
                110.454073,
                111.274393,
                111.211892,
                111.348612,
                110.946265
            ]
        },
        "pytimer": {
            "besttim": 0.447764,
            "avgtim": 0.468509,
            "tim": [
                0.458912,
                0.447764,
                0.456049,
                0.466733,
                0.462845,
                0.463562,
                0.465797,
                0.463089,
                0.527042,
                0.473301
            ]
        }
    },
    "10.txt": {
        "solverr": {
            "besttim": 26.6,
            "bestmem": 10286.9,
            "avgtim": 28.1,
            "avgmem": 10286.9,
            "tim": [
                27.8,
                28.6,
                28.9,
                28.0,
                29.7,
                28.5,
                27.7,
                27.8,
                26.6,
                27.8
            ],
            "mem": [
                10286.9,
                10286.9,
                10286.9,
                10286.9,
                10286.9,
                10286.9,
                10286.9,
                10286.9,
                10286.9,
                10286.9
            ]
        },
        "psutilr": {
            "besttim": 15.78125,
            "bestmem": 10572.707934,
            "avgtim": 18.917188,
            "avgmem": 10573.906382,
            "tim": [
                20.078125,
                18.296875,
                19.015625,
                16.8125,
                15.78125,
                16.59375,
                20.703125,
                19.1875,
                21.0625,
                21.640625
            ],
            "mem": [
                10574.020445,
                10574.047789,
                10574.028258,
                10574.028258,
                10573.993101,
                10574.075133,
                10572.707934,
                10574.079039,
                10574.028258,
                10574.055602
            ]
        },
        "pytimer": {
            "besttim": 57.539876,
            "avgtim": 59.731758,
            "tim": [
                59.506411,
                60.061356,
                60.109623,
                59.326795,
                61.204825,
                60.820907,
                60.144262,
                59.605234,
                57.539876,
                58.998289
            ]
        }
    },
    "2.txt": {
        "solverr": {
            "besttim": 2.1,
            "bestmem": 411.4,
            "avgtim": 2.2,
            "avgmem": 411.4,
            "tim": [
                2.3,
                2.2,
                2.2,
                2.2,
                2.2,
                2.2,
                2.2,
                2.2,
                2.2,
                2.1
            ],
            "mem": [
                411.4,
                411.4,
                411.4,
                411.4,
                411.4,
                411.4,
                411.4,
                411.4,
                411.4,
                411.4
            ]
        },
        "psutilr": {
            "besttim": 1.21875,
            "bestmem": 427.714609,
            "avgtim": 1.545313,
            "avgmem": 428.73493,
            "tim": [
                2.390625,
                1.421875,
                1.34375,
                1.21875,
                1.390625,
                1.6875,
                1.5625,
                1.421875,
                1.484375,
                1.53125
            ],
            "mem": [
                428.999776,
                428.714617,
                428.730242,
                429.038839,
                428.898213,
                427.714609,
                428.749774,
                428.644304,
                428.972432,
                428.886494
            ]
        },
        "pytimer": {
            "besttim": 3.258315,
            "avgtim": 3.320901,
            "tim": [
                3.50952,
                3.278839,
                3.295268,
                3.322555,
                3.319655,
                3.289691,
                3.320396,
                3.310566,
                3.304203,
                3.258315
            ]
        }
    },
    "3.txt": {
        "solverr": {
            "besttim": 3.2,
            "bestmem": 932.4,
            "avgtim": 3.3,
            "avgmem": 932.4,
            "tim": [
                3.2,
                3.4,
                3.4,
                3.5,
                3.4,
                3.4,
                3.3,
                3.2,
                3.3,
                3.2
            ],
            "mem": [
                932.4,
                932.4,
                932.4,
                932.4,
                932.4,
                932.4,
                932.4,
                932.4,
                932.4,
                932.4
            ]
        },
        "psutilr": {
            "besttim": 1.859375,
            "bestmem": 957.523843,
            "avgtim": 2.33125,
            "avgmem": 958.102755,
            "tim": [
                2.34375,
                2.375,
                1.90625,
                2.203125,
                1.859375,
                2.453125,
                2.40625,
                2.71875,
                2.5625,
                2.484375
            ],
            "mem": [
                958.246506,
                958.055098,
                958.012129,
                958.223068,
                958.226975,
                958.289475,
                958.230881,
                957.976972,
                958.2426,
                957.523843
            ]
        },
        "pytimer": {
            "besttim": 5.80705,
            "avgtim": 5.990057,
            "tim": [
                5.824188,
                5.991545,
                6.241702,
                6.243675,
                6.082917,
                6.174817,
                5.809428,
                5.847463,
                5.877783,
                5.80705
            ]
        }
    },
    "4.txt": {
        "solverr": {
            "besttim": 1.8,
            "bestmem": 1642.0,
            "avgtim": 1.9,
            "avgmem": 1642.0,
            "tim": [
                1.8,
                1.9,
                1.8,
                1.9,
                1.9,
                1.9,
                1.9,
                1.9,
                1.8,
                1.9
            ],