{
    "borrels_1.txt": {
        "solverr": {
            "besttim": 0.0,
            "bestmem": 1.4,
            "avgtim": 0.0,
            "avgmem": 1.4,
            "tim": [
                0.0,
                0.0,
                0.0,
                0.0,
                0.0,
                0.0,
                0.0,
                0.0,
                0.0,
                0.0,
                0.0
            ],
            "mem": [
                1.4,
                1.4,
                1.4,
                1.4,
                1.4,
                1.4,
                1.4,
                1.4,
                1.4,
                1.4,
                1.4
            ]
        },
        "psutilr": {
            "besttim": 0.0,
            "bestmem": 6.269585,
            "avgtim": 0.00142,
            "avgmem": 6.465609,
            "tim": [
                0.015625,
                0.0,
                0.0,
                0.0,
                0.0,
                0.0,
                0.0,
                0.0,
                0.0,
                0.0,
                0.0
            ],
            "mem": [
                6.437555,
                6.562556,
                6.484431,
                6.468806,
                6.464899,
                6.550837,
                6.500056,
                6.367242,
                6.554744,
                6.460993,
                6.269585
            ]
        },
        "pytimer": {
            "besttim": 0.018599,
            "avgtim": 0.028308,
            "tim": [
                0.02683,
                0.037657,
                0.018599,
                0.019845,
                0.035401,
                0.028028,
                0.029659,
                0.039132,
                0.034203,
                0.021955,
                0.020084
            ]
        }
    },
    "borrels_2.txt": {
        "solverr": {
            "besttim": 0.0,
            "bestmem": 2.0,
            "avgtim": 0.0,
            "avgmem": 2.0,
            "tim": [
                0.0,
                0.0,
                0.0,
                0.0,
                0.0,
                0.0,
                0.0,
                0.0,
                0.0,
                0.0,
                0.0
            ],
            "mem": [
                2.0,
                2.0,
                2.0,
                2.0,
                2.0,
                2.0,
                2.0,
                2.0,
                2.0,
                2.0,
                2.0
            ]
        },
        "psutilr": {
            "besttim": 0.0,
            "bestmem": 7.152405,
            "avgtim": 0.0,
            "avgmem": 7.225914,
            "tim": [
                0.0,
                0.0,
                0.0,
                0.0,
                0.0,
                0.0,
                0.0,
                0.0,
                0.0,
                0.0,
                0.0
            ],
            "mem": [
                7.246156,
                7.238343,
                7.24225,
                7.238343,
                7.187562,
                7.199281,
                7.238343,
                7.152405,
                7.253969,
                7.250062,
                7.238343
            ]
        },
        "pytimer": {
            "besttim": 0.019657,
            "avgtim": 0.030373,
            "tim": [
                0.047682,
                0.023974,
                0.024937,
                0.045844,
                0.019657,
                0.022697,
                0.039565,
                0.025034,
                0.022197,
                0.024055,
                0.038457
            ]
        }
    },
    "borrels_3.txt": {
        "solverr": {
            "besttim": 0.0,
            "bestmem": 2.5,
            "avgtim": 0.0,
            "avgmem": 2.5,
            "tim": [
                0.0,
                0.0,
                0.0,
                0.0,
                0.0,
                0.0,
                0.0,
                0.0,
                0.0,
                0.0,
                0.0
            ],
            "mem": [
                2.5,
                2.5,
                2.5,
                2.5,
                2.5,
                2.5,
                2.5,
                2.5,
                2.5,
                2.5,
                2.5
            ]
        },
        "psutilr": {
            "besttim": 0.0,
            "bestmem": 7.878974,
            "avgtim": 0.002841,
            "avgmem": 7.9294,
            "tim": [
                0.0,
                0.0,
                0.0,
                0.0,
                0.0,
                0.0,
                0.0,
                0.015625,
                0.015625,
                0.0,
                0.0
            ],
            "mem": [
                7.878974,
                7.886786,
                7.878974,
                7.88288,
                8.035225,
                7.886786,
                8.035225,
                7.890693,
                7.88288,
                7.941474,
                8.023506
            ]
        },
        "pytimer": {
            "besttim": 0.04782,
            "avgtim": 0.055678,
            "tim": [
                0.053251,
                0.050573,
                0.053865,
                0.05092,
                0.053684,
                0.056656,
                0.074221,
                0.055307,
                0.061213,
                0.04782,
                0.054951
            ]
        }
    },
    "borrels_4.txt": {
        "solverr": {
            "besttim": 0.9,
            "bestmem": 3.1,
            "avgtim": 0.9,
            "avgmem": 3.1,
            "tim": [
                0.9,
                0.9,
                0.9,
                0.9,
                0.9,
                0.9,
                0.9,
                0.9,
                0.9,
                0.9,
                0.9
            ],
            "mem": [
                3.1,
                3.1,
                3.1,
                3.1,
                3.1,
                3.1,
                3.1,
                3.1,
                3.1,
                3.1,
                3.1
            ]
        },
        "psutilr": {
            "besttim": 0.1875,
            "bestmem": 8.59773,
            "avgtim": 0.426136,
            "avgmem": 8.959239,
            "tim": [
                0.546875,
                0.421875,
                0.46875,
                0.671875,
                0.6875,
                0.265625,
                0.484375,
                0.1875,
                0.296875,
                0.421875,
                0.234375
            ],
            "mem": [
                8.90242,
                8.961014,
                8.945389,
                9.089922,
                8.918045,
                8.59773,
                8.910233,
                9.183673,
                9.03914,
                8.824294,
                9.179766
            ]
        },
        "pytimer": {
            "besttim": 0.937747,
            "avgtim": 0.946778,
            "tim": [
                0.949812,
                0.954686,
                0.945298,
                0.949866,
                0.956388,
                0.94215,
                0.944718,
                0.937747,
                0.946361,
                0.942745,
                0.94479
            ]
        }
    },
    "borrels_5.txt": {
        "solverr": {
            "besttim": 7.4,
            "bestmem": 7.0,
            "avgtim": 7.4,
            "avgmem": 7.0,
            "tim": [
                7.4,
                7.4,
                7.5,
                7.4,
                7.4,
                7.4,
                7.5,
                7.5,
                7.4,
                7.5,
                7.5
            ],