{
    "increasing_timeslots_1.txt": {
        "solverr": {
            "besttim": 0.0,
            "bestmem": 1.0,
            "avgtim": 0.0,
            "avgmem": 1.0,
            "tim": [
                0.0,
                0.0,
                0.0,
                0.0,
                0.0,
                0.0,
                0.0,
                0.0,
                0.0,
                0.0,
                0.0
            ],
            "mem": [
                1.0,
                1.0,
                1.0,
                1.0,
                1.0,
                1.0,
                1.0,
                1.0,
                1.0,
                1.0,
                1.0
            ]
        },
        "psutilr": {
            "besttim": 0.0,
            "bestmem": 6.105521,
            "avgtim": 0.002841,
            "avgmem": 6.126118,
            "tim": [
                0.0,
                0.0,
                0.0,
                0.0,
                0.0,
                0.0,
                0.0,
                0.015625,
                0.0,
                0.015625,
                0.0
            ],
            "mem": [
                6.125053,
                6.113334,
                6.128959,
                6.152397,
                6.105521,
                6.11724,
                6.125053,
                6.128959,
                6.132865,
                6.121146,
                6.136771
            ]
        },
        "pytimer": {
            "besttim": 0.022356,
            "avgtim": 0.02523,
            "tim": [
                0.032395,
                0.025098,
                0.022356,
                0.024425,
                0.024586,
                0.023638,
                0.027104,
                0.024305,
                0.02423,
                0.023083,
                0.02631
            ]
        }
    },
    "increasing_timeslots_10.txt": {
        "solverr": {
            "besttim": 191.3,
            "bestmem": 96.7,
            "avgtim": 200.7,
            "avgmem": 96.7,
            "tim": [
                192.1,
                208.5,
                222.2,
                212.7,
                191.3,
                192.9,
                193.4,
                192.9,
                196.6,
                201.3,
                204.1
            ],
            "mem": [
                96.7,
                96.7,
                96.7,
                96.7,
                96.7,
                96.7,
                96.7,
                96.7,
                96.7,
                96.7,
                96.7
            ]
        },
        "psutilr": {
            "besttim": 63.0,
            "bestmem": 107.551704,
            "avgtim": 84.495739,
            "avgmem": 107.770811,
            "tim": [
                79.890625,
                115.5625,
                84.984375,
                86.03125,
                87.765625,
                91.078125,
                79.0625,
                76.9375,
                72.453125,
                92.6875,
                63.0
            ],
            "mem": [
                107.551704,
                107.778269,
                107.653268,
                107.622017,
                108.047802,
                107.817332,
                107.676705,
                107.899364,
                107.868113,
                107.860301,
                107.704049
            ]
        },
        "pytimer": {
            "besttim": 191.603453,
            "avgtim": 201.000173,
            "tim": [
                192.393417,
                208.801461,
                222.48061,
                212.980798,
                191.603453,
                193.187966,
                193.62994,
                193.176919,
                196.846339,
                201.549725,
                204.351271
            ]
        }
    },
    "increasing_timeslots_2.txt": {
        "solverr": {
            "besttim": 0.0,
            "bestmem": 4.3,
            "avgtim": 0.0,
            "avgmem": 4.3,
            "tim": [
                0.0,
                0.0,
                0.0,
                0.0,
                0.0,
                0.0,
                0.0,
                0.0,
                0.0,
                0.0,
                0.0
            ],
            "mem": [
                4.3,
                4.3,
                4.3,
                4.3,
                4.3,
                4.3,
                4.3,
                4.3,
                4.3,
                4.3,
                4.3
            ]
        },
        "psutilr": {
            "besttim": 0.0,
            "bestmem": 9.097734,
            "avgtim": 0.002841,
            "avgmem": 9.110518,
            "tim": [
                0.0,
                0.0,
                0.0,
                0.0,
                0.015625,
                0.0,
                0.015625,
                0.0,
                0.0,
                0.0,
                0.0
            ],
            "mem": [
                9.105547,
                9.101641,
                9.101641,
                9.113359,
                9.113359,
                9.117266,
                9.113359,
                9.132891,
                9.113359,
                9.105547,
                9.097734
            ]
        },
        "pytimer": {
            "besttim": 0.035564,
            "avgtim": 0.038218,
            "tim": [
                0.042728,
                0.03575,
                0.038033,
                0.040931,
                0.04073,
                0.036634,
                0.037106,
                0.037818,
                0.035564,
                0.03785,
                0.037254
            ]
        }
    },
    "increasing_timeslots_3.txt": {
        "solverr": {
            "besttim": 0.1,
            "bestmem": 7.2,
            "avgtim": 0.1,
            "avgmem": 7.2,
            "tim": [
                0.1,
                0.1,
                0.1,
                0.1,
                0.1,
                0.1,
                0.1,
                0.1,
                0.1,
                0.1,
                0.1
            ],
            "mem": [
                7.2,
                7.2,
                7.2,
                7.2,
                7.2,
                7.2,
                7.2,
                7.2,
                7.2,
                7.2,
                7.2
            ]
        },
        "psutilr": {
            "besttim": 0.015625,
            "bestmem": 11.828227,
            "avgtim": 0.039773,
            "avgmem": 11.928369,
            "tim": [
                0.03125,
                0.0625,
                0.015625,
                0.0625,
                0.046875,
                0.015625,
                0.0625,
                0.03125,
                0.046875,
                0.015625,
                0.046875
            ],
            "mem": [
                11.953228,
                11.851664,
                11.96104,
                11.984478,
                11.914165,
                11.894633,
                12.039166,
                11.867289,
                11.988384,
                11.828227,
                11.92979
            ]
        },
        "pytimer": {
            "besttim": 0.126726,
            "avgtim": 0.131558,
            "tim": [
                0.14404,
                0.130435,
                0.126726,
                0.134297,
                0.139102,
                0.129918,
                0.129533,
                0.127858,
                0.128243,
                0.127816,
                0.129174
            ]
        }
    },
    "increasing_timeslots_4.txt": {
        "solverr": {
            "besttim": 1.6,
            "bestmem": 14.6,
            "avgtim": 1.6,
            "avgmem": 14.6,